{"categorical_accuracy": [0.29248008131980896, 0.296875, 0.3984566628932953, 0.4921875, 0.42688319087028503, 0.4921875, 0.43610742688179016, 0.4609375, 0.450774222612381, 0.4296875, 0.45717498660087585, 0.46875, 0.4671146869659424, 0.4453125, 0.4718928933143616, 0.5703125, 0.47310659289360046, 0.5, 0.4776931703090668, 0.5703125, 0.4831485152244568, 0.4453125, 0.4873262345790863, 0.5390625, 0.4904946982860565, 0.4140625, 0.49286407232284546, 0.515625, 0.49722760915756226, 0.46875], "loss": [1.7478432655334473, 1.5873825550079346, 1.4216203689575195, 1.2994084358215332, 1.313491940498352, 1.278236746788025, 1.266052007675171, 1.2509108781814575, 1.219102382659912, 1.2886919975280762, 1.1924009323120117, 1.192002773284912, 1.1662416458129883, 1.127640962600708, 1.1433014869689941, 1.0965421199798584, 1.1328184604644775, 1.1841819286346436, 1.1138114929199219, 1.083857774734497, 1.096240758895874, 1.1602145433425903, 1.0881247520446777, 0.9861496686935425, 1.0727580785751343, 1.2117960453033447, 1.0669684410095215, 1.1437056064605713, 1.0541812181472778, 1.0937705039978027], "val_categorical_accuracy": [0.3893452286720276, 0.36815476417541504, 0.39568451046943665, 0.410654753446579, 0.4457142949104309, 0.44982144236564636, 0.45226189494132996, 0.45723214745521545, 0.4463987946510315, 0.4431547522544861, 0.4739880859851837, 0.4653571546077728, 0.47455358505249023, 0.47827380895614624, 0.46767857670783997, 0.47282737493515015, 0.4799107015132904, 0.4823511838912964, 0.4846726059913635, 0.475982129573822, 0.48875001072883606, 0.4886309504508972, 0.4890476167201996, 0.49199405312538147, 0.4972619116306305, 0.4967559576034546, 0.498244047164917, 0.49488094449043274, 0.49788689613342285, 0.49943453073501587], "val_loss": [1.4528021812438965, 1.4886536598205566, 1.3848040103912354, 1.337371587753296, 1.2354199886322021, 1.2254773378372192, 1.2105835676193237, 1.1937851905822754, 1.2386486530303955, 1.252861738204956, 1.130858063697815, 1.1578596830368042, 1.1123956441879272, 1.1054538488388062, 1.129246473312378, 1.1120727062225342, 1.1017460823059082, 1.094363808631897, 1.08198082447052, 1.1298099756240845, 1.0597515106201172, 1.0588347911834717, 1.0650495290756226, 1.0529804229736328, 1.038177251815796, 1.0383858680725098, 1.0323721170425415, 1.044933795928955, 1.0449399948120117, 1.0302611589431763]}