{"categorical_accuracy": [0.24721483886241913, 0.2734375, 0.2832430601119995, 0.2890625, 0.22748875617980957, 0.234375, 0.2504216134548187, 0.28125, 0.2596713900566101, 0.3125, 0.2781837582588196, 0.25, 0.32535260915756226, 0.3359375, 0.41645798087120056, 0.421875, 0.47798702120780945, 0.484375, 0.5058130621910095, 0.53125, 0.5220768451690674, 0.5859375, 0.5365520119667053, 0.515625, 0.5516787767410278, 0.59375, 0.5612862706184387, 0.5625, 0.5736150741577148, 0.6171875, 0.5854456424713135, 0.578125, 0.593481719493866, 0.6328125, 0.6064620614051819, 0.5859375, 0.6152136325836182, 0.5703125, 0.6257282495498657, 0.6171875, 0.6346842050552368, 0.640625, 0.6484183073043823, 0.640625, 0.6582558155059814, 0.6640625, 0.665563702583313, 0.6953125, 0.6774325370788574, 0.640625], "loss": [1.7821800708770752, 1.8683321475982666, 1.7235016822814941, 1.7872753143310547, 1.9143681526184082, 1.909886360168457, 1.8580870628356934, 1.7319833040237427, 1.8297159671783447, 1.7427867650985718, 1.7926050424575806, 1.7172117233276367, 1.6829787492752075, 1.5832459926605225, 1.4210947751998901, 1.362732172012329, 1.2508970499038696, 1.0989885330200195, 1.174493670463562, 1.0881268978118896, 1.1239240169525146, 0.9921118021011353, 1.0956836938858032, 1.165366768836975, 1.0623209476470947, 0.9165452718734741, 1.0346301794052124, 1.0646045207977295, 1.012096881866455, 0.8947161436080933, 0.9859327673912048, 1.0230929851531982, 0.9631291031837463, 0.8920460939407349, 0.9399939179420471, 1.0148658752441406, 0.9219068288803101, 0.9501208662986755, 0.8984696269035339, 0.9064613580703735, 0.8763889670372009, 0.8201452493667603, 0.8533949255943298, 0.8827828168869019, 0.8308500647544861, 0.8341588377952576, 0.8125094771385193, 0.9000051021575928, 0.7919058799743652, 0.8337533473968506], "val_categorical_accuracy": [0.251755952835083, 0.2504464387893677, 0.31193453073501587, 0.3142857253551483, 0.2291368991136551, 0.23178571462631226, 0.2552380859851837, 0.25532737374305725, 0.26800596714019775, 0.2690476179122925, 0.2966071367263794, 0.29720237851142883, 0.36568450927734375, 0.36172619462013245, 0.462797611951828, 0.46663689613342285, 0.49907737970352173, 0.4987500011920929, 0.5204464197158813, 0.5212500095367432, 0.5331547856330872, 0.532797634601593, 0.5417559742927551, 0.5402976274490356, 0.5572618842124939, 0.5559523701667786, 0.5568452477455139, 0.5577976107597351, 0.5648809671401978, 0.5666964054107666, 0.5780059695243835, 0.5773512125015259, 0.5831547379493713, 0.583809494972229, 0.5801488161087036, 0.5805357098579407, 0.5968154668807983, 0.5963988304138184, 0.5951488018035889, 0.5963392853736877, 0.6011012196540833, 0.6015774011611938, 0.6010714173316956, 0.6013392806053162, 0.6024404764175415, 0.6025000214576721, 0.6077976226806641, 0.6089285612106323, 0.6104464530944824, 0.610535740852356], "val_loss": [1.7890386581420898, 1.7691614627838135, 1.671545147895813, 1.6713396310806274, 1.9457722902297974, 1.940372109413147, 1.8282315731048584, 1.8305937051773071, 1.817293405532837, 1.812846064567566, 1.7546359300613403, 1.7537801265716553, 1.5692028999328613, 1.5796867609024048, 1.3013436794281006, 1.2895455360412598, 1.1840505599975586, 1.188431978225708, 1.1347206830978394, 1.1283447742462158, 1.0946632623672485, 1.0921998023986816, 1.0992833375930786, 1.1068111658096313, 1.0401310920715332, 1.0433681011199951, 1.0487611293792725, 1.0515782833099365, 1.047802209854126, 1.0340503454208374, 0.9976925253868103, 0.9987593293190002, 0.9927964806556702, 0.9935854077339172, 0.9983425140380859, 0.9989916086196899, 0.9712464213371277, 0.9699856638908386, 0.9727326035499573, 0.9670926928520203, 0.9688295722007751, 0.9660199284553528, 0.9829179644584656, 0.9776327610015869, 0.9783779978752136, 0.9768099188804626, 0.976303219795227, 0.9732542634010315, 0.9667530059814453, 0.9624840617179871]}