{"categorical_accuracy": [0.22278720140457153, 0.2734375, 0.31287050247192383, 0.3515625, 0.3317278325557709, 0.28125, 0.3486815094947815, 0.421875, 0.3666445314884186, 0.375, 0.38662612438201904, 0.421875, 0.4023277759552002, 0.4140625, 0.4146949052810669, 0.4609375, 0.4258355498313904, 0.3828125, 0.4409239590167999, 0.3984375, 0.45412153005599976, 0.453125, 0.45930856466293335, 0.4765625, 0.47305551171302795, 0.4765625, 0.48358288407325745, 0.53125, 0.4897792339324951, 0.5390625, 0.500715434551239, 0.4453125, 0.5056470036506653, 0.3828125, 0.515625, 0.59375, 0.5206331610679626, 0.484375, 0.5244914889335632, 0.453125, 0.531965434551239, 0.53125, 0.5367819666862488, 0.4921875, 0.542262852191925, 0.5625, 0.5458528995513916, 0.5390625, 0.5510783195495605, 0.5859375], "loss": [1.9434434175491333, 1.7688848972320557, 1.7018048763275146, 1.5881718397140503, 1.6487748622894287, 1.6846543550491333, 1.612062931060791, 1.5060213804244995, 1.5740478038787842, 1.5118112564086914, 1.5401839017868042, 1.4806501865386963, 1.5073320865631104, 1.4083528518676758, 1.4807003736495972, 1.4214996099472046, 1.4584417343139648, 1.5467493534088135, 1.4317691326141357, 1.4137067794799805, 1.4074935913085938, 1.3193858861923218, 1.3903509378433228, 1.3610780239105225, 1.36635422706604, 1.3659945726394653, 1.3448694944381714, 1.2716176509857178, 1.3247363567352295, 1.235356330871582, 1.305073618888855, 1.349506139755249, 1.293373703956604, 1.5542116165161133, 1.2749847173690796, 1.1421535015106201, 1.259506106376648, 1.3366222381591797, 1.2505183219909668, 1.4138113260269165, 1.2331660985946655, 1.1884742975234985, 1.2207671403884888, 1.3296966552734375, 1.2067005634307861, 1.1260018348693848, 1.2006410360336304, 1.3046550750732422, 1.189221739768982, 1.2051539421081543], "val_categorical_accuracy": [0.3058035671710968, 0.30645832419395447, 0.3303273916244507, 0.3299107253551483, 0.34705355763435364, 0.34830358624458313, 0.36788690090179443, 0.36723214387893677, 0.3819642961025238, 0.3814583420753479, 0.39470237493515015, 0.3950892984867096, 0.40559524297714233, 0.40592262148857117, 0.4187202453613281, 0.4187202453613281, 0.431339293718338, 0.4320833384990692, 0.4402678608894348, 0.4404761791229248, 0.4502083361148834, 0.4504166543483734, 0.455089271068573, 0.45497024059295654, 0.4630952477455139, 0.4635119140148163, 0.4747619032859802, 0.4749999940395355, 0.47976189851760864, 0.4801488220691681, 0.48205357789993286, 0.4821428656578064, 0.4901488125324249, 0.48970237374305725, 0.49419641494750977, 0.49464285373687744, 0.5008630752563477, 0.5014880895614624, 0.5011011958122253, 0.5012202262878418, 0.5073809623718262, 0.5072023868560791, 0.509940505027771, 0.510148823261261, 0.5131250023841858, 0.5126488208770752, 0.5131547451019287, 0.5135118961334229, 0.5178571343421936, 0.5181845426559448], "val_loss": [1.703805685043335, 1.7040128707885742, 1.6472166776657104, 1.6467057466506958, 1.6184946298599243, 1.618430256843567, 1.5752320289611816, 1.5750000476837158, 1.5388481616973877, 1.5386137962341309, 1.5148770809173584, 1.515039086341858, 1.49562668800354, 1.4950333833694458, 1.4732335805892944, 1.4728999137878418, 1.4559954404830933, 1.45583975315094, 1.4389104843139648, 1.4390454292297363, 1.4231417179107666, 1.42326819896698, 1.4110056161880493, 1.4114030599594116, 1.395541787147522, 1.395038366317749, 1.3761509656906128, 1.3763823509216309, 1.3694887161254883, 1.3694850206375122, 1.3654659986495972, 1.3649702072143555, 1.3491783142089844, 1.348929762840271, 1.3395456075668335, 1.339605450630188, 1.3376280069351196, 1.33750581741333, 1.3295499086380005, 1.330074667930603, 1.3183084726333618, 1.3186589479446411, 1.316357970237732, 1.316317081451416, 1.3093706369400024, 1.3093233108520508, 1.312153935432434, 1.3115171194076538, 1.2973216772079468, 1.2968026399612427]}